id1,t1,lat1,lon1,mag1,dist1,id2,t2,lat2,lon2,mag2,dist2,dmag,ddist
us7000bli6,2020-09-10 22:26:38.660000,7.5951,-37.1436,5.127000000000001,126.7122760915476,us7000blt2,2020-09-07 21:22:43.085000,7.5843,-36.9728,5.046,108.09607316827288,0.0810000000000004,18.616202923274713
us7000bli6,2020-09-10 22:26:38.660000,7.5951,-37.1436,5.127000000000001,126.7122760915476,us7000bjem,2020-09-07 21:18:59.974000,7.8729,-37.0216,5.208,114.29323671071565,0.08099999999999952,12.419039380831947
us7000bli6,2020-09-10 22:26:38.660000,7.5951,-37.1436,5.127000000000001,126.7122760915476,us7000blsw,2020-09-07 11:03:17.037000,7.6409,-37.3509,5.127000000000001,149.18797806140955,0.0,22.47570196986196
us7000bli6,2020-09-10 22:26:38.660000,7.5951,-37.1436,5.127000000000001,126.7122760915476,us7000bivi,2020-09-06 08:29:47.435000,7.7571,-37.1468,5.046,126.6666850687764,0.0810000000000004,0.04559102277119109
us7000bli6,2020-09-10 22:26:38.660000,7.5951,-37.1436,5.127000000000001,126.7122760915476,us70001,2020-09-08 06:39:18,7.764,-37.001,4.965000000000001,110.65097765128276,0.16199999999999992,16.061298440264835
us7000bli6,2020-09-10 22:26:38.660000,7.5951,-37.1436,5.127000000000001,126.7122760915476,us70002,2020-09-06 11:06:53,7.986,-37.049,4.884,119.93489668105762,0.24300000000000033,6.777379410489971
us7000bli6,2020-09-10 22:26:38.660000,7.5951,-37.1436,5.127000000000001,126.7122760915476,us70003,2020-09-06 21:39:33,7.796,-37.048,4.884,116.09126368418698,0.24300000000000033,10.62101240736061
us7000bli6,2020-09-10 22:26:38.660000,7.5951,-37.1436,5.127000000000001,126.7122760915476,us70004,2020-09-07 21:19:05,7.79,-37.05,4.803,116.25308520611668,0.32400000000000073,10.459190885430914
us7000bli6,2020-09-10 22:26:38.660000,7.5951,-37.1436,5.127000000000001,126.7122760915476,us70005,2020-09-07 02:43:05,7.738,-37.011,4.722,111.61006893315307,0.40500000000000025,15.10220715839452
us7000bli6,2020-09-10 22:26:38.660000,7.5951,-37.1436,5.127000000000001,126.7122760915476,us70006,2020-09-07 03:06:45,7.756,-36.978,4.722,108.0657747118379,0.40500000000000025,18.64650137970969
us7000bli6,2020-09-10 22:26:38.660000,7.5951,-37.1436,5.127000000000001,126.7122760915476,us70007,2020-09-07 04:45:20,7.747,-37.047,4.722,115.61802379051906,0.40500000000000025,11.094252301028533
us7000bli6,2020-09-10 22:26:38.660000,7.5951,-37.1436,5.127000000000001,126.7122760915476,us70008,2020-09-07 08:50:12,7.76,-37.019,4.722,112.60622931292328,0.40500000000000025,14.106046778624318
us7000bli6,2020-09-10 22:26:38.660000,7.5951,-37.1436,5.127000000000001,126.7122760915476,us70009,2020-09-07 10:25:57,7.82,-37.011,4.722,112.30701937444871,0.40500000000000025,14.40525671709888
us7000bli6,2020-09-10 22:26:38.660000,7.5951,-37.1436,5.127000000000001,126.7122760915476,us700010,2020-09-06 08:01:12,7.966,-37.065,4.722,121.08427340655574,0.40500000000000025,5.628002684991856
us7000bli6,2020-09-10 22:26:38.660000,7.5951,-37.1436,5.127000000000001,126.7122760915476,us700011,2020-09-06 12:16:52,7.951,-37.054,4.722,119.51367424076253,0.40500000000000025,7.198601850785067
us7000bli6,2020-09-10 22:26:38.660000,7.5951,-37.1436,5.127000000000001,126.7122760915476,us700012,2020-09-06 13:19:03,7.836,-37.03,4.722,114.6050705925412,0.40500000000000025,12.107205499006398
us7000bli6,2020-09-10 22:26:38.660000,7.5951,-37.1436,5.127000000000001,126.7122760915476,us700013,2020-09-06 23:19:08,7.79,-37.038,4.722,114.93427461220604,0.40500000000000025,11.778001479341555
us7000blt2,2020-09-07 21:22:43.085000,7.5843,-36.9728,5.046,108.09607316827288,us7000bjem,2020-09-07 21:18:59.974000,7.8729,-37.0216,5.208,114.29323671071565,0.16199999999999992,6.197163542442766
us7000blt2,2020-09-07 21:22:43.085000,7.5843,-36.9728,5.046,108.09607316827288,us7000blsw,2020-09-07 11:03:17.037000,7.6409,-37.3509,5.127000000000001,149.18797806140955,0.0810000000000004,41.09190489313667
us7000blt2,2020-09-07 21:22:43.085000,7.5843,-36.9728,5.046,108.09607316827288,us7000bivi,2020-09-06 08:29:47.435000,7.7571,-37.1468,5.046,126.6666850687764,0.0,18.570611900503522
us7000blt2,2020-09-07 21:22:43.085000,7.5843,-36.9728,5.046,108.09607316827288,us70001,2020-09-08 06:39:18,7.764,-37.001,4.965000000000001,110.65097765128276,0.08099999999999952,2.554904483009878
us7000blt2,2020-09-07 21:22:43.085000,7.5843,-36.9728,5.046,108.09607316827288,us70002,2020-09-06 11:06:53,7.986,-37.049,4.884,119.93489668105762,0.16199999999999992,11.838823512784742
us7000blt2,2020-09-07 21:22:43.085000,7.5843,-36.9728,5.046,108.09607316827288,us70003,2020-09-06 21:39:33,7.796,-37.048,4.884,116.09126368418698,0.16199999999999992,7.9951905159141035
us7000blt2,2020-09-07 21:22:43.085000,7.5843,-36.9728,5.046,108.09607316827288,us70004,2020-09-07 21:19:05,7.79,-37.05,4.803,116.25308520611668,0.24300000000000033,8.1570120378438
us7000blt2,2020-09-07 21:22:43.085000,7.5843,-36.9728,5.046,108.09607316827288,us70005,2020-09-07 02:43:05,7.738,-37.011,4.722,111.61006893315307,0.32399999999999984,3.5139957648801925
us7000blt2,2020-09-07 21:22:43.085000,7.5843,-36.9728,5.046,108.09607316827288,us70006,2020-09-07 03:06:45,7.756,-36.978,4.722,108.0657747118379,0.32399999999999984,0.030298456434977084
us7000blt2,2020-09-07 21:22:43.085000,7.5843,-36.9728,5.046,108.09607316827288,us70007,2020-09-07 04:45:20,7.747,-37.047,4.722,115.61802379051906,0.32399999999999984,7.52195062224618
us7000blt2,2020-09-07 21:22:43.085000,7.5843,-36.9728,5.046,108.09607316827288,us70008,2020-09-07 08:50:12,7.76,-37.019,4.722,112.60622931292328,0.32399999999999984,4.510156144650395
us7000blt2,2020-09-07 21:22:43.085000,7.5843,-36.9728,5.046,108.09607316827288,us70009,2020-09-07 10:25:57,7.82,-37.011,4.722,112.30701937444871,0.32399999999999984,4.210946206175834
us7000blt2,2020-09-07 21:22:43.085000,7.5843,-36.9728,5.046,108.09607316827288,us700010,2020-09-06 08:01:12,7.966,-37.065,4.722,121.08427340655574,0.32399999999999984,12.988200238282857
us7000blt2,2020-09-07 21:22:43.085000,7.5843,-36.9728,5.046,108.09607316827288,us700011,2020-09-06 12:16:52,7.951,-37.054,4.722,119.51367424076253,0.32399999999999984,11.417601072489646
us7000blt2,2020-09-07 21:22:43.085000,7.5843,-36.9728,5.046,108.09607316827288,us700012,2020-09-06 13:19:03,7.836,-37.03,4.722,114.6050705925412,0.32399999999999984,6.5089974242683155
us7000blt2,2020-09-07 21:22:43.085000,7.5843,-36.9728,5.046,108.09607316827288,us700013,2020-09-06 23:19:08,7.79,-37.038,4.722,114.93427461220604,0.32399999999999984,6.838201443933158
us7000blt2,2020-09-07 21:22:43.085000,7.5843,-36.9728,5.046,108.09607316827288,us700014,2020-09-08 19:36:02,7.782,-36.981,4.641,108.59511254260468,0.40500000000000025,0.4990393743318009
us7000blt2,2020-09-07 21:22:43.085000,7.5843,-36.9728,5.046,108.09607316827288,us700015,2020-09-07 06:07:13,7.746,-37.03,4.641,113.7397090910526,0.40500000000000025,5.643635922779723
us7000blt2,2020-09-07 21:22:43.085000,7.5843,-36.9728,5.046,108.09607316827288,us700016,2020-09-07 07:44:33,7.744,-37.02,4.641,112.6281518240566,0.40500000000000025,4.532078655783721
us7000blt2,2020-09-07 21:22:43.085000,7.5843,-36.9728,5.046,108.09607316827288,us700017,2020-09-07 11:19:59,7.749,-36.925,4.641,102.18609723753131,0.40500000000000025,5.909975930741567
us7000blt2,2020-09-07 21:22:43.085000,7.5843,-36.9728,5.046,108.09607316827288,us700018,2020-09-07 21:15:10,7.825,-36.976,4.641,108.54270385049983,0.40500000000000025,0.446630682226953
us7000blt2,2020-09-07 21:22:43.085000,7.5843,-36.9728,5.046,108.09607316827288,us700019,2020-09-06 07:07:55,7.708,-37.096,4.641,120.91539222166028,0.40500000000000025,12.819319053387403
us7000blt2,2020-09-07 21:22:43.085000,7.5843,-36.9728,5.046,108.09607316827288,us700020,2020-09-06 07:26:35,7.802,-36.867,4.641,96.30098119613486,0.40500000000000025,11.795091972138025
us7000blt2,2020-09-07 21:22:43.085000,7.5843,-36.9728,5.046,108.09607316827288,us700021,2020-09-06 10:16:56,7.748,-36.849,4.641,93.8087220042386,0.40500000000000025,14.287351164034277
us7000blt2,2020-09-07 21:22:43.085000,7.5843,-36.9728,5.046,108.09607316827288,us700022,2020-09-06 14:18:36,7.82,-36.988,4.641,109.78815087080235,0.40500000000000025,1.692077702529474
us7000blt2,2020-09-07 21:22:43.085000,7.5843,-36.9728,5.046,108.09607316827288,us700023,2020-09-06 19:05:48,7.824,-37.015,4.641,112.79756838944104,0.40500000000000025,4.701495221168159
us7000blt2,2020-09-07 21:22:43.085000,7.5843,-36.9728,5.046,108.09607316827288,us700024,2020-09-06 22:46:12,7.766,-37.074,4.641,118.70164187518218,0.40500000000000025,10.605568706909295
us7000bjem,2020-09-07 21:18:59.974000,7.8729,-37.0216,5.208,114.29323671071565,us7000blsw,2020-09-07 11:03:17.037000,7.6409,-37.3509,5.127000000000001,149.18797806140955,0.08099999999999952,34.894741350693906
us7000bjem,2020-09-07 21:18:59.974000,7.8729,-37.0216,5.208,114.29323671071565,us7000bivi,2020-09-06 08:29:47.435000,7.7571,-37.1468,5.046,126.6666850687764,0.16199999999999992,12.373448358060756
us7000bjem,2020-09-07 21:18:59.974000,7.8729,-37.0216,5.208,114.29323671071565,us70001,2020-09-08 06:39:18,7.764,-37.001,4.965000000000001,110.65097765128276,0.24299999999999944,3.642259059432888
us7000bjem,2020-09-07 21:18:59.974000,7.8729,-37.0216,5.208,114.29323671071565,us70002,2020-09-06 11:06:53,7.986,-37.049,4.884,119.93489668105762,0.32399999999999984,5.641659970341976
us7000bjem,2020-09-07 21:18:59.974000,7.8729,-37.0216,5.208,114.29323671071565,us70003,2020-09-06 21:39:33,7.796,-37.048,4.884,116.09126368418698,0.32399999999999984,1.7980269734713374
us7000bjem,2020-09-07 21:18:59.974000,7.8729,-37.0216,5.208,114.29323671071565,us70004,2020-09-07 21:19:05,7.79,-37.05,4.803,116.25308520611668,0.40500000000000025,1.9598484954010331
us7000blsw,2020-09-07 11:03:17.037000,7.6409,-37.3509,5.127000000000001,149.18797806140955,us7000bivi,2020-09-06 08:29:47.435000,7.7571,-37.1468,5.046,126.6666850687764,0.0810000000000004,22.52129299263315
us7000blsw,2020-09-07 11:03:17.037000,7.6409,-37.3509,5.127000000000001,149.18797806140955,us70001,2020-09-08 06:39:18,7.764,-37.001,4.965000000000001,110.65097765128276,0.16199999999999992,38.537000410126794
us7000blsw,2020-09-07 11:03:17.037000,7.6409,-37.3509,5.127000000000001,149.18797806140955,us70002,2020-09-06 11:06:53,7.986,-37.049,4.884,119.93489668105762,0.24300000000000033,29.25308138035193
us7000blsw,2020-09-07 11:03:17.037000,7.6409,-37.3509,5.127000000000001,149.18797806140955,us70003,2020-09-06 21:39:33,7.796,-37.048,4.884,116.09126368418698,0.24300000000000033,33.09671437722257
us7000blsw,2020-09-07 11:03:17.037000,7.6409,-37.3509,5.127000000000001,149.18797806140955,us70004,2020-09-07 21:19:05,7.79,-37.05,4.803,116.25308520611668,0.32400000000000073,32.93489285529287
us7000blsw,2020-09-07 11:03:17.037000,7.6409,-37.3509,5.127000000000001,149.18797806140955,us70005,2020-09-07 02:43:05,7.738,-37.011,4.722,111.61006893315307,0.40500000000000025,37.57790912825648
us7000blsw,2020-09-07 11:03:17.037000,7.6409,-37.3509,5.127000000000001,149.18797806140955,us70006,2020-09-07 03:06:45,7.756,-36.978,4.722,108.0657747118379,0.40500000000000025,41.12220334957165
us7000blsw,2020-09-07 11:03:17.037000,7.6409,-37.3509,5.127000000000001,149.18797806140955,us70007,2020-09-07 04:45:20,7.747,-37.047,4.722,115.61802379051906,0.40500000000000025,33.56995427089049
us7000blsw,2020-09-07 11:03:17.037000,7.6409,-37.3509,5.127000000000001,149.18797806140955,us70008,2020-09-07 08:50:12,7.76,-37.019,4.722,112.60622931292328,0.40500000000000025,36.58174874848628
us7000blsw,2020-09-07 11:03:17.037000,7.6409,-37.3509,5.127000000000001,149.18797806140955,us70009,2020-09-07 10:25:57,7.82,-37.011,4.722,112.30701937444871,0.40500000000000025,36.88095868696084
us7000blsw,2020-09-07 11:03:17.037000,7.6409,-37.3509,5.127000000000001,149.18797806140955,us700010,2020-09-06 08:01:12,7.966,-37.065,4.722,121.08427340655574,0.40500000000000025,28.103704654853814
us7000blsw,2020-09-07 11:03:17.037000,7.6409,-37.3509,5.127000000000001,149.18797806140955,us700011,2020-09-06 12:16:52,7.951,-37.054,4.722,119.51367424076253,0.40500000000000025,29.674303820647026
us7000blsw,2020-09-07 11:03:17.037000,7.6409,-37.3509,5.127000000000001,149.18797806140955,us700012,2020-09-06 13:19:03,7.836,-37.03,4.722,114.6050705925412,0.40500000000000025,34.582907468868356
us7000blsw,2020-09-07 11:03:17.037000,7.6409,-37.3509,5.127000000000001,149.18797806140955,us700013,2020-09-06 23:19:08,7.79,-37.038,4.722,114.93427461220604,0.40500000000000025,34.25370344920351
us7000bivi,2020-09-06 08:29:47.435000,7.7571,-37.1468,5.046,126.6666850687764,us70001,2020-09-08 06:39:18,7.764,-37.001,4.965000000000001,110.65097765128276,0.08099999999999952,16.015707417493644
us7000bivi,2020-09-06 08:29:47.435000,7.7571,-37.1468,5.046,126.6666850687764,us70002,2020-09-06 11:06:53,7.986,-37.049,4.884,119.93489668105762,0.16199999999999992,6.73178838771878
us7000bivi,2020-09-06 08:29:47.435000,7.7571,-37.1468,5.046,126.6666850687764,us70003,2020-09-06 21:39:33,7.796,-37.048,4.884,116.09126368418698,0.16199999999999992,10.575421384589418
us7000bivi,2020-09-06 08:29:47.435000,7.7571,-37.1468,5.046,126.6666850687764,us70004,2020-09-07 21:19:05,7.79,-37.05,4.803,116.25308520611668,0.24300000000000033,10.413599862659723
us7000bivi,2020-09-06 08:29:47.435000,7.7571,-37.1468,5.046,126.6666850687764,us70005,2020-09-07 02:43:05,7.738,-37.011,4.722,111.61006893315307,0.32399999999999984,15.05661613562333
us7000bivi,2020-09-06 08:29:47.435000,7.7571,-37.1468,5.046,126.6666850687764,us70006,2020-09-07 03:06:45,7.756,-36.978,4.722,108.0657747118379,0.32399999999999984,18.6009103569385
us7000bivi,2020-09-06 08:29:47.435000,7.7571,-37.1468,5.046,126.6666850687764,us70007,2020-09-07 04:45:20,7.747,-37.047,4.722,115.61802379051906,0.32399999999999984,11.048661278257342
us7000bivi,2020-09-06 08:29:47.435000,7.7571,-37.1468,5.046,126.6666850687764,us70008,2020-09-07 08:50:12,7.76,-37.019,4.722,112.60622931292328,0.32399999999999984,14.060455755853127
us7000bivi,2020-09-06 08:29:47.435000,7.7571,-37.1468,5.046,126.6666850687764,us70009,2020-09-07 10:25:57,7.82,-37.011,4.722,112.30701937444871,0.32399999999999984,14.359665694327688
us7000bivi,2020-09-06 08:29:47.435000,7.7571,-37.1468,5.046,126.6666850687764,us700010,2020-09-06 08:01:12,7.966,-37.065,4.722,121.08427340655574,0.32399999999999984,5.5824116622206645
us7000bivi,2020-09-06 08:29:47.435000,7.7571,-37.1468,5.046,126.6666850687764,us700011,2020-09-06 12:16:52,7.951,-37.054,4.722,119.51367424076253,0.32399999999999984,7.153010828013876
us7000bivi,2020-09-06 08:29:47.435000,7.7571,-37.1468,5.046,126.6666850687764,us700012,2020-09-06 13:19:03,7.836,-37.03,4.722,114.6050705925412,0.32399999999999984,12.061614476235206
us7000bivi,2020-09-06 08:29:47.435000,7.7571,-37.1468,5.046,126.6666850687764,us700013,2020-09-06 23:19:08,7.79,-37.038,4.722,114.93427461220604,0.32399999999999984,11.732410456570364
us7000bivi,2020-09-06 08:29:47.435000,7.7571,-37.1468,5.046,126.6666850687764,us700014,2020-09-08 19:36:02,7.782,-36.981,4.641,108.59511254260468,0.40500000000000025,18.07157252617172
us7000bivi,2020-09-06 08:29:47.435000,7.7571,-37.1468,5.046,126.6666850687764,us700015,2020-09-07 06:07:13,7.746,-37.03,4.641,113.7397090910526,0.40500000000000025,12.9269759777238
us7000bivi,2020-09-06 08:29:47.435000,7.7571,-37.1468,5.046,126.6666850687764,us700016,2020-09-07 07:44:33,7.744,-37.02,4.641,112.6281518240566,0.40500000000000025,14.038533244719801
us7000bivi,2020-09-06 08:29:47.435000,7.7571,-37.1468,5.046,126.6666850687764,us700017,2020-09-07 11:19:59,7.749,-36.925,4.641,102.18609723753131,0.40500000000000025,24.48058783124509
us7000bivi,2020-09-06 08:29:47.435000,7.7571,-37.1468,5.046,126.6666850687764,us700018,2020-09-07 21:15:10,7.825,-36.976,4.641,108.54270385049983,0.40500000000000025,18.12398121827657
us7000bivi,2020-09-06 08:29:47.435000,7.7571,-37.1468,5.046,126.6666850687764,us700019,2020-09-06 07:07:55,7.708,-37.096,4.641,120.91539222166028,0.40500000000000025,5.751292847116119
us7000bivi,2020-09-06 08:29:47.435000,7.7571,-37.1468,5.046,126.6666850687764,us700020,2020-09-06 07:26:35,7.802,-36.867,4.641,96.30098119613486,0.40500000000000025,30.365703872641546
us7000bivi,2020-09-06 08:29:47.435000,7.7571,-37.1468,5.046,126.6666850687764,us700021,2020-09-06 10:16:56,7.748,-36.849,4.641,93.8087220042386,0.40500000000000025,32.8579630645378
us7000bivi,2020-09-06 08:29:47.435000,7.7571,-37.1468,5.046,126.6666850687764,us700022,2020-09-06 14:18:36,7.82,-36.988,4.641,109.78815087080235,0.40500000000000025,16.878534197974048
us7000bivi,2020-09-06 08:29:47.435000,7.7571,-37.1468,5.046,126.6666850687764,us700023,2020-09-06 19:05:48,7.824,-37.015,4.641,112.79756838944104,0.40500000000000025,13.869116679335363
us7000bivi,2020-09-06 08:29:47.435000,7.7571,-37.1468,5.046,126.6666850687764,us700024,2020-09-06 22:46:12,7.766,-37.074,4.641,118.70164187518218,0.40500000000000025,7.9650431935942265
us70001,2020-09-08 06:39:18,7.764,-37.001,4.965000000000001,110.65097765128276,us70002,2020-09-06 11:06:53,7.986,-37.049,4.884,119.93489668105762,0.0810000000000004,9.283919029774864
us70001,2020-09-08 06:39:18,7.764,-37.001,4.965000000000001,110.65097765128276,us70003,2020-09-06 21:39:33,7.796,-37.048,4.884,116.09126368418698,0.0810000000000004,5.4402860329042255
us70001,2020-09-08 06:39:18,7.764,-37.001,4.965000000000001,110.65097765128276,us70004,2020-09-07 21:19:05,7.79,-37.05,4.803,116.25308520611668,0.1620000000000008,5.602107554833921
us70001,2020-09-08 06:39:18,7.764,-37.001,4.965000000000001,110.65097765128276,us70005,2020-09-07 02:43:05,7.738,-37.011,4.722,111.61006893315307,0.24300000000000033,0.9590912818703146
us70001,2020-09-08 06:39:18,7.764,-37.001,4.965000000000001,110.65097765128276,us70006,2020-09-07 03:06:45,7.756,-36.978,4.722,108.0657747118379,0.24300000000000033,2.585202939444855
us70001,2020-09-08 06:39:18,7.764,-37.001,4.965000000000001,110.65097765128276,us70007,2020-09-07 04:45:20,7.747,-37.047,4.722,115.61802379051906,0.24300000000000033,4.967046139236302
us70001,2020-09-08 06:39:18,7.764,-37.001,4.965000000000001,110.65097765128276,us70008,2020-09-07 08:50:12,7.76,-37.019,4.722,112.60622931292328,0.24300000000000033,1.9552516616405171
us70001,2020-09-08 06:39:18,7.764,-37.001,4.965000000000001,110.65097765128276,us70009,2020-09-07 10:25:57,7.82,-37.011,4.722,112.30701937444871,0.24300000000000033,1.6560417231659557
us70001,2020-09-08 06:39:18,7.764,-37.001,4.965000000000001,110.65097765128276,us700010,2020-09-06 08:01:12,7.966,-37.065,4.722,121.08427340655574,0.24300000000000033,10.43329575527298
us70001,2020-09-08 06:39:18,7.764,-37.001,4.965000000000001,110.65097765128276,us700011,2020-09-06 12:16:52,7.951,-37.054,4.722,119.51367424076253,0.24300000000000033,8.862696589479768
us70001,2020-09-08 06:39:18,7.764,-37.001,4.965000000000001,110.65097765128276,us700012,2020-09-06 13:19:03,7.836,-37.03,4.722,114.6050705925412,0.24300000000000033,3.9540929412584376
us70001,2020-09-08 06:39:18,7.764,-37.001,4.965000000000001,110.65097765128276,us700013,2020-09-06 23:19:08,7.79,-37.038,4.722,114.93427461220604,0.24300000000000033,4.2832969609232805
us70001,2020-09-08 06:39:18,7.764,-37.001,4.965000000000001,110.65097765128276,us700014,2020-09-08 19:36:02,7.782,-36.981,4.641,108.59511254260468,0.32400000000000073,2.055865108678077
us70001,2020-09-08 06:39:18,7.764,-37.001,4.965000000000001,110.65097765128276,us700015,2020-09-07 06:07:13,7.746,-37.03,4.641,113.7397090910526,0.32400000000000073,3.0887314397698447
us70001,2020-09-08 06:39:18,7.764,-37.001,4.965000000000001,110.65097765128276,us700016,2020-09-07 07:44:33,7.744,-37.02,4.641,112.6281518240566,0.32400000000000073,1.977174172773843
us70001,2020-09-08 06:39:18,7.764,-37.001,4.965000000000001,110.65097765128276,us700017,2020-09-07 11:19:59,7.749,-36.925,4.641,102.18609723753131,0.32400000000000073,8.464880413751445
us70001,2020-09-08 06:39:18,7.764,-37.001,4.965000000000001,110.65097765128276,us700018,2020-09-07 21:15:10,7.825,-36.976,4.641,108.54270385049983,0.32400000000000073,2.108273800782925
us70001,2020-09-08 06:39:18,7.764,-37.001,4.965000000000001,110.65097765128276,us700019,2020-09-06 07:07:55,7.708,-37.096,4.641,120.91539222166028,0.32400000000000073,10.264414570377525
us70001,2020-09-08 06:39:18,7.764,-37.001,4.965000000000001,110.65097765128276,us700020,2020-09-06 07:26:35,7.802,-36.867,4.641,96.30098119613486,0.32400000000000073,14.349996455147902
us70001,2020-09-08 06:39:18,7.764,-37.001,4.965000000000001,110.65097765128276,us700021,2020-09-06 10:16:56,7.748,-36.849,4.641,93.8087220042386,0.32400000000000073,16.842255647044155
us70001,2020-09-08 06:39:18,7.764,-37.001,4.965000000000001,110.65097765128276,us700022,2020-09-06 14:18:36,7.82,-36.988,4.641,109.78815087080235,0.32400000000000073,0.862826780480404
us70001,2020-09-08 06:39:18,7.764,-37.001,4.965000000000001,110.65097765128276,us700023,2020-09-06 19:05:48,7.824,-37.015,4.641,112.79756838944104,0.32400000000000073,2.146590738158281
us70001,2020-09-08 06:39:18,7.764,-37.001,4.965000000000001,110.65097765128276,us700024,2020-09-06 22:46:12,7.766,-37.074,4.641,118.70164187518218,0.32400000000000073,8.050664223899417
us70002,2020-09-06 11:06:53,7.986,-37.049,4.884,119.93489668105762,us70003,2020-09-06 21:39:33,7.796,-37.048,4.884,116.09126368418698,0.0,3.843632996870639
us70002,2020-09-06 11:06:53,7.986,-37.049,4.884,119.93489668105762,us70004,2020-09-07 21:19:05,7.79,-37.05,4.803,116.25308520611668,0.0810000000000004,3.681811474940943
us70002,2020-09-06 11:06:53,7.986,-37.049,4.884,119.93489668105762,us70005,2020-09-07 02:43:05,7.738,-37.011,4.722,111.61006893315307,0.16199999999999992,8.32482774790455
us70002,2020-09-06 11:06:53,7.986,-37.049,4.884,119.93489668105762,us70006,2020-09-07 03:06:45,7.756,-36.978,4.722,108.0657747118379,0.16199999999999992,11.86912196921972
us70002,2020-09-06 11:06:53,7.986,-37.049,4.884,119.93489668105762,us70007,2020-09-07 04:45:20,7.747,-37.047,4.722,115.61802379051906,0.16199999999999992,4.316872890538562
us70002,2020-09-06 11:06:53,7.986,-37.049,4.884,119.93489668105762,us70008,2020-09-07 08:50:12,7.76,-37.019,4.722,112.60622931292328,0.16199999999999992,7.328667368134347
us70002,2020-09-06 11:06:53,7.986,-37.049,4.884,119.93489668105762,us70009,2020-09-07 10:25:57,7.82,-37.011,4.722,112.30701937444871,0.16199999999999992,7.627877306608909
us70002,2020-09-06 11:06:53,7.986,-37.049,4.884,119.93489668105762,us700010,2020-09-06 08:01:12,7.966,-37.065,4.722,121.08427340655574,0.16199999999999992,1.149376725498115
us70002,2020-09-06 11:06:53,7.986,-37.049,4.884,119.93489668105762,us700011,2020-09-06 12:16:52,7.951,-37.054,4.722,119.51367424076253,0.16199999999999992,0.4212224402950966
us70002,2020-09-06 11:06:53,7.986,-37.049,4.884,119.93489668105762,us700012,2020-09-06 13:19:03,7.836,-37.03,4.722,114.6050705925412,0.16199999999999992,5.329826088516427
us70002,2020-09-06 11:06:53,7.986,-37.049,4.884,119.93489668105762,us700013,2020-09-06 23:19:08,7.79,-37.038,4.722,114.93427461220604,0.16199999999999992,5.000622068851584
us70002,2020-09-06 11:06:53,7.986,-37.049,4.884,119.93489668105762,us700014,2020-09-08 19:36:02,7.782,-36.981,4.641,108.59511254260468,0.24300000000000033,11.339784138452941
us70002,2020-09-06 11:06:53,7.986,-37.049,4.884,119.93489668105762,us700015,2020-09-07 06:07:13,7.746,-37.03,4.641,113.7397090910526,0.24300000000000033,6.19518759000502
us70002,2020-09-06 11:06:53,7.986,-37.049,4.884,119.93489668105762,us700016,2020-09-07 07:44:33,7.744,-37.02,4.641,112.6281518240566,0.24300000000000033,7.306744857001021
us70002,2020-09-06 11:06:53,7.986,-37.049,4.884,119.93489668105762,us700017,2020-09-07 11:19:59,7.749,-36.925,4.641,102.18609723753131,0.24300000000000033,17.74879944352631
us70002,2020-09-06 11:06:53,7.986,-37.049,4.884,119.93489668105762,us700018,2020-09-07 21:15:10,7.825,-36.976,4.641,108.54270385049983,0.24300000000000033,11.39219283055779
us70002,2020-09-06 11:06:53,7.986,-37.049,4.884,119.93489668105762,us700019,2020-09-06 07:07:55,7.708,-37.096,4.641,120.91539222166028,0.24300000000000033,0.9804955406026608
us70002,2020-09-06 11:06:53,7.986,-37.049,4.884,119.93489668105762,us700020,2020-09-06 07:26:35,7.802,-36.867,4.641,96.30098119613486,0.24300000000000033,23.633915484922767
us70002,2020-09-06 11:06:53,7.986,-37.049,4.884,119.93489668105762,us700021,2020-09-06 10:16:56,7.748,-36.849,4.641,93.8087220042386,0.24300000000000033,26.12617467681902
us70002,2020-09-06 11:06:53,7.986,-37.049,4.884,119.93489668105762,us700022,2020-09-06 14:18:36,7.82,-36.988,4.641,109.78815087080235,0.24300000000000033,10.146745810255268
us70002,2020-09-06 11:06:53,7.986,-37.049,4.884,119.93489668105762,us700023,2020-09-06 19:05:48,7.824,-37.015,4.641,112.79756838944104,0.24300000000000033,7.137328291616583
us70002,2020-09-06 11:06:53,7.986,-37.049,4.884,119.93489668105762,us700024,2020-09-06 22:46:12,7.766,-37.074,4.641,118.70164187518218,0.24300000000000033,1.233254805875447
us70003,2020-09-06 21:39:33,7.796,-37.048,4.884,116.09126368418698,us70004,2020-09-07 21:19:05,7.79,-37.05,4.803,116.25308520611668,0.0810000000000004,0.16182152192969568
us70003,2020-09-06 21:39:33,7.796,-37.048,4.884,116.09126368418698,us70005,2020-09-07 02:43:05,7.738,-37.011,4.722,111.61006893315307,0.16199999999999992,4.481194751033911
us70003,2020-09-06 21:39:33,7.796,-37.048,4.884,116.09126368418698,us70006,2020-09-07 03:06:45,7.756,-36.978,4.722,108.0657747118379,0.16199999999999992,8.02548897234908
us70003,2020-09-06 21:39:33,7.796,-37.048,4.884,116.09126368418698,us70007,2020-09-07 04:45:20,7.747,-37.047,4.722,115.61802379051906,0.16199999999999992,0.4732398936679232
us70003,2020-09-06 21:39:33,7.796,-37.048,4.884,116.09126368418698,us70008,2020-09-07 08:50:12,7.76,-37.019,4.722,112.60622931292328,0.16199999999999992,3.4850343712637084
us70003,2020-09-06 21:39:33,7.796,-37.048,4.884,116.09126368418698,us70009,2020-09-07 10:25:57,7.82,-37.011,4.722,112.30701937444871,0.16199999999999992,3.78424430973827
us70003,2020-09-06 21:39:33,7.796,-37.048,4.884,116.09126368418698,us700010,2020-09-06 08:01:12,7.966,-37.065,4.722,121.08427340655574,0.16199999999999992,4.993009722368754
us70003,2020-09-06 21:39:33,7.796,-37.048,4.884,116.09126368418698,us700011,2020-09-06 12:16:52,7.951,-37.054,4.722,119.51367424076253,0.16199999999999992,3.4224105565755423
us70003,2020-09-06 21:39:33,7.796,-37.048,4.884,116.09126368418698,us700012,2020-09-06 13:19:03,7.836,-37.03,4.722,114.6050705925412,0.16199999999999992,1.486193091645788
us70003,2020-09-06 21:39:33,7.796,-37.048,4.884,116.09126368418698,us700013,2020-09-06 23:19:08,7.79,-37.038,4.722,114.93427461220604,0.16199999999999992,1.156989071980945
us70003,2020-09-06 21:39:33,7.796,-37.048,4.884,116.09126368418698,us700014,2020-09-08 19:36:02,7.782,-36.981,4.641,108.59511254260468,0.24300000000000033,7.496151141582303
us70003,2020-09-06 21:39:33,7.796,-37.048,4.884,116.09126368418698,us700015,2020-09-07 06:07:13,7.746,-37.03,4.641,113.7397090910526,0.24300000000000033,2.351554593134381
us70003,2020-09-06 21:39:33,7.796,-37.048,4.884,116.09126368418698,us700016,2020-09-07 07:44:33,7.744,-37.02,4.641,112.6281518240566,0.24300000000000033,3.4631118601303825
us70003,2020-09-06 21:39:33,7.796,-37.048,4.884,116.09126368418698,us700017,2020-09-07 11:19:59,7.749,-36.925,4.641,102.18609723753131,0.24300000000000033,13.90516644665567
us70003,2020-09-06 21:39:33,7.796,-37.048,4.884,116.09126368418698,us700018,2020-09-07 21:15:10,7.825,-36.976,4.641,108.54270385049983,0.24300000000000033,7.5485598336871504
us70003,2020-09-06 21:39:33,7.796,-37.048,4.884,116.09126368418698,us700019,2020-09-06 07:07:55,7.708,-37.096,4.641,120.91539222166028,0.24300000000000033,4.8241285374733
us70003,2020-09-06 21:39:33,7.796,-37.048,4.884,116.09126368418698,us700020,2020-09-06 07:26:35,7.802,-36.867,4.641,96.30098119613486,0.24300000000000033,19.790282488052128
us70003,2020-09-06 21:39:33,7.796,-37.048,4.884,116.09126368418698,us700021,2020-09-06 10:16:56,7.748,-36.849,4.641,93.8087220042386,0.24300000000000033,22.28254167994838
us70003,2020-09-06 21:39:33,7.796,-37.048,4.884,116.09126368418698,us700022,2020-09-06 14:18:36,7.82,-36.988,4.641,109.78815087080235,0.24300000000000033,6.3031128133846295
us70003,2020-09-06 21:39:33,7.796,-37.048,4.884,116.09126368418698,us700023,2020-09-06 19:05:48,7.824,-37.015,4.641,112.79756838944104,0.24300000000000033,3.2936952947459446
us70003,2020-09-06 21:39:33,7.796,-37.048,4.884,116.09126368418698,us700024,2020-09-06 22:46:12,7.766,-37.074,4.641,118.70164187518218,0.24300000000000033,2.610378190995192
us70004,2020-09-07 21:19:05,7.79,-37.05,4.803,116.25308520611668,us70005,2020-09-07 02:43:05,7.738,-37.011,4.722,111.61006893315307,0.08099999999999952,4.643016272963607
us70004,2020-09-07 21:19:05,7.79,-37.05,4.803,116.25308520611668,us70006,2020-09-07 03:06:45,7.756,-36.978,4.722,108.0657747118379,0.08099999999999952,8.187310494278776
us70004,2020-09-07 21:19:05,7.79,-37.05,4.803,116.25308520611668,us70007,2020-09-07 04:45:20,7.747,-37.047,4.722,115.61802379051906,0.08099999999999952,0.6350614155976189
us70004,2020-09-07 21:19:05,7.79,-37.05,4.803,116.25308520611668,us70008,2020-09-07 08:50:12,7.76,-37.019,4.722,112.60622931292328,0.08099999999999952,3.646855893193404
us70004,2020-09-07 21:19:05,7.79,-37.05,4.803,116.25308520611668,us70009,2020-09-07 10:25:57,7.82,-37.011,4.722,112.30701937444871,0.08099999999999952,3.9460658316679655
us70004,2020-09-07 21:19:05,7.79,-37.05,4.803,116.25308520611668,us700010,2020-09-06 08:01:12,7.966,-37.065,4.722,121.08427340655574,0.08099999999999952,4.831188200439058
us70004,2020-09-07 21:19:05,7.79,-37.05,4.803,116.25308520611668,us700011,2020-09-06 12:16:52,7.951,-37.054,4.722,119.51367424076253,0.08099999999999952,3.2605890346458466
us70004,2020-09-07 21:19:05,7.79,-37.05,4.803,116.25308520611668,us700012,2020-09-06 13:19:03,7.836,-37.03,4.722,114.6050705925412,0.08099999999999952,1.6480146135754836
us70004,2020-09-07 21:19:05,7.79,-37.05,4.803,116.25308520611668,us700013,2020-09-06 23:19:08,7.79,-37.038,4.722,114.93427461220604,0.08099999999999952,1.3188105939106407
us70004,2020-09-07 21:19:05,7.79,-37.05,4.803,116.25308520611668,us700014,2020-09-08 19:36:02,7.782,-36.981,4.641,108.59511254260468,0.16199999999999992,7.657972663511998
us70004,2020-09-07 21:19:05,7.79,-37.05,4.803,116.25308520611668,us700015,2020-09-07 06:07:13,7.746,-37.03,4.641,113.7397090910526,0.16199999999999992,2.5133761150640765
us70004,2020-09-07 21:19:05,7.79,-37.05,4.803,116.25308520611668,us700016,2020-09-07 07:44:33,7.744,-37.02,4.641,112.6281518240566,0.16199999999999992,3.624933382060078
us70004,2020-09-07 21:19:05,7.79,-37.05,4.803,116.25308520611668,us700017,2020-09-07 11:19:59,7.749,-36.925,4.641,102.18609723753131,0.16199999999999992,14.066987968585366
us70004,2020-09-07 21:19:05,7.79,-37.05,4.803,116.25308520611668,us700018,2020-09-07 21:15:10,7.825,-36.976,4.641,108.54270385049983,0.16199999999999992,7.710381355616846
us70004,2020-09-07 21:19:05,7.79,-37.05,4.803,116.25308520611668,us700019,2020-09-06 07:07:55,7.708,-37.096,4.641,120.91539222166028,0.16199999999999992,4.662307015543604
us70004,2020-09-07 21:19:05,7.79,-37.05,4.803,116.25308520611668,us700020,2020-09-06 07:26:35,7.802,-36.867,4.641,96.30098119613486,0.16199999999999992,19.952104009981824
us70004,2020-09-07 21:19:05,7.79,-37.05,4.803,116.25308520611668,us700021,2020-09-06 10:16:56,7.748,-36.849,4.641,93.8087220042386,0.16199999999999992,22.444363201878076
us70004,2020-09-07 21:19:05,7.79,-37.05,4.803,116.25308520611668,us700022,2020-09-06 14:18:36,7.82,-36.988,4.641,109.78815087080235,0.16199999999999992,6.464934335314325
us70004,2020-09-07 21:19:05,7.79,-37.05,4.803,116.25308520611668,us700023,2020-09-06 19:05:48,7.824,-37.015,4.641,112.79756838944104,0.16199999999999992,3.4555168166756403
us70004,2020-09-07 21:19:05,7.79,-37.05,4.803,116.25308520611668,us700024,2020-09-06 22:46:12,7.766,-37.074,4.641,118.70164187518218,0.16199999999999992,2.4485566690654963
us70005,2020-09-07 02:43:05,7.738,-37.011,4.722,111.61006893315307,us70006,2020-09-07 03:06:45,7.756,-36.978,4.722,108.0657747118379,0.0,3.5442942213151696
us70005,2020-09-07 02:43:05,7.738,-37.011,4.722,111.61006893315307,us70007,2020-09-07 04:45:20,7.747,-37.047,4.722,115.61802379051906,0.0,4.007954857365988
us70005,2020-09-07 02:43:05,7.738,-37.011,4.722,111.61006893315307,us70008,2020-09-07 08:50:12,7.76,-37.019,4.722,112.60622931292328,0.0,0.9961603797702026
us70005,2020-09-07 02:43:05,7.738,-37.011,4.722,111.61006893315307,us70009,2020-09-07 10:25:57,7.82,-37.011,4.722,112.30701937444871,0.0,0.6969504412956411
us70005,2020-09-07 02:43:05,7.738,-37.011,4.722,111.61006893315307,us700010,2020-09-06 08:01:12,7.966,-37.065,4.722,121.08427340655574,0.0,9.474204473402665
us70005,2020-09-07 02:43:05,7.738,-37.011,4.722,111.61006893315307,us700011,2020-09-06 12:16:52,7.951,-37.054,4.722,119.51367424076253,0.0,7.903605307609453
us70005,2020-09-07 02:43:05,7.738,-37.011,4.722,111.61006893315307,us700012,2020-09-06 13:19:03,7.836,-37.03,4.722,114.6050705925412,0.0,2.995001659388123
us70005,2020-09-07 02:43:05,7.738,-37.011,4.722,111.61006893315307,us700013,2020-09-06 23:19:08,7.79,-37.038,4.722,114.93427461220604,0.0,3.324205679052966
us70005,2020-09-07 02:43:05,7.738,-37.011,4.722,111.61006893315307,us700014,2020-09-08 19:36:02,7.782,-36.981,4.641,108.59511254260468,0.0810000000000004,3.0149563905483916
us70005,2020-09-07 02:43:05,7.738,-37.011,4.722,111.61006893315307,us700015,2020-09-07 06:07:13,7.746,-37.03,4.641,113.7397090910526,0.0810000000000004,2.12964015789953
us70005,2020-09-07 02:43:05,7.738,-37.011,4.722,111.61006893315307,us700016,2020-09-07 07:44:33,7.744,-37.02,4.641,112.6281518240566,0.0810000000000004,1.0180828909035284
us70005,2020-09-07 02:43:05,7.738,-37.011,4.722,111.61006893315307,us700017,2020-09-07 11:19:59,7.749,-36.925,4.641,102.18609723753131,0.0810000000000004,9.42397169562176
us70005,2020-09-07 02:43:05,7.738,-37.011,4.722,111.61006893315307,us700018,2020-09-07 21:15:10,7.825,-36.976,4.641,108.54270385049983,0.0810000000000004,3.0673650826532395
us70005,2020-09-07 02:43:05,7.738,-37.011,4.722,111.61006893315307,us700019,2020-09-06 07:07:55,7.708,-37.096,4.641,120.91539222166028,0.0810000000000004,9.30532328850721
us70005,2020-09-07 02:43:05,7.738,-37.011,4.722,111.61006893315307,us700020,2020-09-06 07:26:35,7.802,-36.867,4.641,96.30098119613486,0.0810000000000004,15.309087737018217
us70005,2020-09-07 02:43:05,7.738,-37.011,4.722,111.61006893315307,us700021,2020-09-06 10:16:56,7.748,-36.849,4.641,93.8087220042386,0.0810000000000004,17.80134692891447
us70005,2020-09-07 02:43:05,7.738,-37.011,4.722,111.61006893315307,us700022,2020-09-06 14:18:36,7.82,-36.988,4.641,109.78815087080235,0.0810000000000004,1.8219180623507185
us70005,2020-09-07 02:43:05,7.738,-37.011,4.722,111.61006893315307,us700023,2020-09-06 19:05:48,7.824,-37.015,4.641,112.79756838944104,0.0810000000000004,1.1874994562879664
us70005,2020-09-07 02:43:05,7.738,-37.011,4.722,111.61006893315307,us700024,2020-09-06 22:46:12,7.766,-37.074,4.641,118.70164187518218,0.0810000000000004,7.091572942029103
us70006,2020-09-07 03:06:45,7.756,-36.978,4.722,108.0657747118379,us70007,2020-09-07 04:45:20,7.747,-37.047,4.722,115.61802379051906,0.0,7.552249078681157
us70006,2020-09-07 03:06:45,7.756,-36.978,4.722,108.0657747118379,us70008,2020-09-07 08:50:12,7.76,-37.019,4.722,112.60622931292328,0.0,4.540454601085372
us70006,2020-09-07 03:06:45,7.756,-36.978,4.722,108.0657747118379,us70009,2020-09-07 10:25:57,7.82,-37.011,4.722,112.30701937444871,0.0,4.241244662610811
us70006,2020-09-07 03:06:45,7.756,-36.978,4.722,108.0657747118379,us700010,2020-09-06 08:01:12,7.966,-37.065,4.722,121.08427340655574,0.0,13.018498694717834
us70006,2020-09-07 03:06:45,7.756,-36.978,4.722,108.0657747118379,us700011,2020-09-06 12:16:52,7.951,-37.054,4.722,119.51367424076253,0.0,11.447899528924623
us70006,2020-09-07 03:06:45,7.756,-36.978,4.722,108.0657747118379,us700012,2020-09-06 13:19:03,7.836,-37.03,4.722,114.6050705925412,0.0,6.539295880703293
us70006,2020-09-07 03:06:45,7.756,-36.978,4.722,108.0657747118379,us700013,2020-09-06 23:19:08,7.79,-37.038,4.722,114.93427461220604,0.0,6.8684999003681355
us70006,2020-09-07 03:06:45,7.756,-36.978,4.722,108.0657747118379,us700014,2020-09-08 19:36:02,7.782,-36.981,4.641,108.59511254260468,0.0810000000000004,0.529337830766778
us70006,2020-09-07 03:06:45,7.756,-36.978,4.722,108.0657747118379,us700015,2020-09-07 06:07:13,7.746,-37.03,4.641,113.7397090910526,0.0810000000000004,5.6739343792147
us70006,2020-09-07 03:06:45,7.756,-36.978,4.722,108.0657747118379,us700016,2020-09-07 07:44:33,7.744,-37.02,4.641,112.6281518240566,0.0810000000000004,4.562377112218698
us70006,2020-09-07 03:06:45,7.756,-36.978,4.722,108.0657747118379,us700017,2020-09-07 11:19:59,7.749,-36.925,4.641,102.18609723753131,0.0810000000000004,5.87967747430659
us70006,2020-09-07 03:06:45,7.756,-36.978,4.722,108.0657747118379,us700018,2020-09-07 21:15:10,7.825,-36.976,4.641,108.54270385049983,0.0810000000000004,0.4769291386619301
us70006,2020-09-07 03:06:45,7.756,-36.978,4.722,108.0657747118379,us700019,2020-09-06 07:07:55,7.708,-37.096,4.641,120.91539222166028,0.0810000000000004,12.84961750982238
us70006,2020-09-07 03:06:45,7.756,-36.978,4.722,108.0657747118379,us700020,2020-09-06 07:26:35,7.802,-36.867,4.641,96.30098119613486,0.0810000000000004,11.764793515703047
us70006,2020-09-07 03:06:45,7.756,-36.978,4.722,108.0657747118379,us700021,2020-09-06 10:16:56,7.748,-36.849,4.641,93.8087220042386,0.0810000000000004,14.2570527075993
us70006,2020-09-07 03:06:45,7.756,-36.978,4.722,108.0657747118379,us700022,2020-09-06 14:18:36,7.82,-36.988,4.641,109.78815087080235,0.0810000000000004,1.722376158964451
us70006,2020-09-07 03:06:45,7.756,-36.978,4.722,108.0657747118379,us700023,2020-09-06 19:05:48,7.824,-37.015,4.641,112.79756838944104,0.0810000000000004,4.731793677603136
us70006,2020-09-07 03:06:45,7.756,-36.978,4.722,108.0657747118379,us700024,2020-09-06 22:46:12,7.766,-37.074,4.641,118.70164187518218,0.0810000000000004,10.635867163344273
us70007,2020-09-07 04:45:20,7.747,-37.047,4.722,115.61802379051906,us70008,2020-09-07 08:50:12,7.76,-37.019,4.722,112.60622931292328,0.0,3.0117944775957852
us70007,2020-09-07 04:45:20,7.747,-37.047,4.722,115.61802379051906,us70009,2020-09-07 10:25:57,7.82,-37.011,4.722,112.30701937444871,0.0,3.3110044160703467
us70007,2020-09-07 04:45:20,7.747,-37.047,4.722,115.61802379051906,us700010,2020-09-06 08:01:12,7.966,-37.065,4.722,121.08427340655574,0.0,5.466249616036677
us70007,2020-09-07 04:45:20,7.747,-37.047,4.722,115.61802379051906,us700011,2020-09-06 12:16:52,7.951,-37.054,4.722,119.51367424076253,0.0,3.8956504502434655
us70007,2020-09-07 04:45:20,7.747,-37.047,4.722,115.61802379051906,us700012,2020-09-06 13:19:03,7.836,-37.03,4.722,114.6050705925412,0.0,1.0129531979778648
us70007,2020-09-07 04:45:20,7.747,-37.047,4.722,115.61802379051906,us700013,2020-09-06 23:19:08,7.79,-37.038,4.722,114.93427461220604,0.0,0.6837491783130218
us70007,2020-09-07 04:45:20,7.747,-37.047,4.722,115.61802379051906,us700014,2020-09-08 19:36:02,7.782,-36.981,4.641,108.59511254260468,0.0810000000000004,7.022911247914379
us70007,2020-09-07 04:45:20,7.747,-37.047,4.722,115.61802379051906,us700015,2020-09-07 06:07:13,7.746,-37.03,4.641,113.7397090910526,0.0810000000000004,1.8783146994664577
us70007,2020-09-07 04:45:20,7.747,-37.047,4.722,115.61802379051906,us700016,2020-09-07 07:44:33,7.744,-37.02,4.641,112.6281518240566,0.0810000000000004,2.9898719664624593
us70007,2020-09-07 04:45:20,7.747,-37.047,4.722,115.61802379051906,us700017,2020-09-07 11:19:59,7.749,-36.925,4.641,102.18609723753131,0.0810000000000004,13.431926552987747
us70007,2020-09-07 04:45:20,7.747,-37.047,4.722,115.61802379051906,us700018,2020-09-07 21:15:10,7.825,-36.976,4.641,108.54270385049983,0.0810000000000004,7.075319940019227
us70007,2020-09-07 04:45:20,7.747,-37.047,4.722,115.61802379051906,us700019,2020-09-06 07:07:55,7.708,-37.096,4.641,120.91539222166028,0.0810000000000004,5.297368431141223
us70007,2020-09-07 04:45:20,7.747,-37.047,4.722,115.61802379051906,us700020,2020-09-06 07:26:35,7.802,-36.867,4.641,96.30098119613486,0.0810000000000004,19.317042594384205
us70007,2020-09-07 04:45:20,7.747,-37.047,4.722,115.61802379051906,us700021,2020-09-06 10:16:56,7.748,-36.849,4.641,93.8087220042386,0.0810000000000004,21.809301786280457
us70007,2020-09-07 04:45:20,7.747,-37.047,4.722,115.61802379051906,us700022,2020-09-06 14:18:36,7.82,-36.988,4.641,109.78815087080235,0.0810000000000004,5.829872919716706
us70007,2020-09-07 04:45:20,7.747,-37.047,4.722,115.61802379051906,us700023,2020-09-06 19:05:48,7.824,-37.015,4.641,112.79756838944104,0.0810000000000004,2.8204554010780214
us70007,2020-09-07 04:45:20,7.747,-37.047,4.722,115.61802379051906,us700024,2020-09-06 22:46:12,7.766,-37.074,4.641,118.70164187518218,0.0810000000000004,3.083618084663115
us70008,2020-09-07 08:50:12,7.76,-37.019,4.722,112.60622931292328,us70009,2020-09-07 10:25:57,7.82,-37.011,4.722,112.30701937444871,0.0,0.29920993847456145
us70008,2020-09-07 08:50:12,7.76,-37.019,4.722,112.60622931292328,us700010,2020-09-06 08:01:12,7.966,-37.065,4.722,121.08427340655574,0.0,8.478044093632462
us70008,2020-09-07 08:50:12,7.76,-37.019,4.722,112.60622931292328,us700011,2020-09-06 12:16:52,7.951,-37.054,4.722,119.51367424076253,0.0,6.907444927839251
us70008,2020-09-07 08:50:12,7.76,-37.019,4.722,112.60622931292328,us700012,2020-09-06 13:19:03,7.836,-37.03,4.722,114.6050705925412,0.0,1.9988412796179205
us70008,2020-09-07 08:50:12,7.76,-37.019,4.722,112.60622931292328,us700013,2020-09-06 23:19:08,7.79,-37.038,4.722,114.93427461220604,0.0,2.3280452992827634
us70008,2020-09-07 08:50:12,7.76,-37.019,4.722,112.60622931292328,us700014,2020-09-08 19:36:02,7.782,-36.981,4.641,108.59511254260468,0.0810000000000004,4.011116770318594
us70008,2020-09-07 08:50:12,7.76,-37.019,4.722,112.60622931292328,us700015,2020-09-07 06:07:13,7.746,-37.03,4.641,113.7397090910526,0.0810000000000004,1.1334797781293275
us70008,2020-09-07 08:50:12,7.76,-37.019,4.722,112.60622931292328,us700016,2020-09-07 07:44:33,7.744,-37.02,4.641,112.6281518240566,0.0810000000000004,0.021922511133325884
us70008,2020-09-07 08:50:12,7.76,-37.019,4.722,112.60622931292328,us700017,2020-09-07 11:19:59,7.749,-36.925,4.641,102.18609723753131,0.0810000000000004,10.420132075391962
us70008,2020-09-07 08:50:12,7.76,-37.019,4.722,112.60622931292328,us700018,2020-09-07 21:15:10,7.825,-36.976,4.641,108.54270385049983,0.0810000000000004,4.063525462423442
us70008,2020-09-07 08:50:12,7.76,-37.019,4.722,112.60622931292328,us700019,2020-09-06 07:07:55,7.708,-37.096,4.641,120.91539222166028,0.0810000000000004,8.309162908737008
us70008,2020-09-07 08:50:12,7.76,-37.019,4.722,112.60622931292328,us700020,2020-09-06 07:26:35,7.802,-36.867,4.641,96.30098119613486,0.0810000000000004,16.30524811678842
us70008,2020-09-07 08:50:12,7.76,-37.019,4.722,112.60622931292328,us700021,2020-09-06 10:16:56,7.748,-36.849,4.641,93.8087220042386,0.0810000000000004,18.797507308684672
us70008,2020-09-07 08:50:12,7.76,-37.019,4.722,112.60622931292328,us700022,2020-09-06 14:18:36,7.82,-36.988,4.641,109.78815087080235,0.0810000000000004,2.818078442120921
us70008,2020-09-07 08:50:12,7.76,-37.019,4.722,112.60622931292328,us700023,2020-09-06 19:05:48,7.824,-37.015,4.641,112.79756838944104,0.0810000000000004,0.19133907651776383
us70008,2020-09-07 08:50:12,7.76,-37.019,4.722,112.60622931292328,us700024,2020-09-06 22:46:12,7.766,-37.074,4.641,118.70164187518218,0.0810000000000004,6.0954125622589
us70009,2020-09-07 10:25:57,7.82,-37.011,4.722,112.30701937444871,us700010,2020-09-06 08:01:12,7.966,-37.065,4.722,121.08427340655574,0.0,8.777254032107024
us70009,2020-09-07 10:25:57,7.82,-37.011,4.722,112.30701937444871,us700011,2020-09-06 12:16:52,7.951,-37.054,4.722,119.51367424076253,0.0,7.206654866313812
us70009,2020-09-07 10:25:57,7.82,-37.011,4.722,112.30701937444871,us700012,2020-09-06 13:19:03,7.836,-37.03,4.722,114.6050705925412,0.0,2.298051218092482
us70009,2020-09-07 10:25:57,7.82,-37.011,4.722,112.30701937444871,us700013,2020-09-06 23:19:08,7.79,-37.038,4.722,114.93427461220604,0.0,2.627255237757325
us70009,2020-09-07 10:25:57,7.82,-37.011,4.722,112.30701937444871,us700014,2020-09-08 19:36:02,7.782,-36.981,4.641,108.59511254260468,0.0810000000000004,3.7119068318440327
us70009,2020-09-07 10:25:57,7.82,-37.011,4.722,112.30701937444871,us700015,2020-09-07 06:07:13,7.746,-37.03,4.641,113.7397090910526,0.0810000000000004,1.432689716603889
us70009,2020-09-07 10:25:57,7.82,-37.011,4.722,112.30701937444871,us700016,2020-09-07 07:44:33,7.744,-37.02,4.641,112.6281518240566,0.0810000000000004,0.32113244960788734
us70009,2020-09-07 10:25:57,7.82,-37.011,4.722,112.30701937444871,us700017,2020-09-07 11:19:59,7.749,-36.925,4.641,102.18609723753131,0.0810000000000004,10.1209221369174
us70009,2020-09-07 10:25:57,7.82,-37.011,4.722,112.30701937444871,us700018,2020-09-07 21:15:10,7.825,-36.976,4.641,108.54270385049983,0.0810000000000004,3.7643155239488806
us70009,2020-09-07 10:25:57,7.82,-37.011,4.722,112.30701937444871,us700019,2020-09-06 07:07:55,7.708,-37.096,4.641,120.91539222166028,0.0810000000000004,8.60837284721157
us70009,2020-09-07 10:25:57,7.82,-37.011,4.722,112.30701937444871,us700020,2020-09-06 07:26:35,7.802,-36.867,4.641,96.30098119613486,0.0810000000000004,16.006038178313858
us70009,2020-09-07 10:25:57,7.82,-37.011,4.722,112.30701937444871,us700021,2020-09-06 10:16:56,7.748,-36.849,4.641,93.8087220042386,0.0810000000000004,18.49829737021011
us70009,2020-09-07 10:25:57,7.82,-37.011,4.722,112.30701937444871,us700022,2020-09-06 14:18:36,7.82,-36.988,4.641,109.78815087080235,0.0810000000000004,2.5188685036463596
us70009,2020-09-07 10:25:57,7.82,-37.011,4.722,112.30701937444871,us700023,2020-09-06 19:05:48,7.824,-37.015,4.641,112.79756838944104,0.0810000000000004,0.4905490149923253
us70009,2020-09-07 10:25:57,7.82,-37.011,4.722,112.30701937444871,us700024,2020-09-06 22:46:12,7.766,-37.074,4.641,118.70164187518218,0.0810000000000004,6.394622500733462
us700010,2020-09-06 08:01:12,7.966,-37.065,4.722,121.08427340655574,us700011,2020-09-06 12:16:52,7.951,-37.054,4.722,119.51367424076253,0.0,1.5705991657932117
us700010,2020-09-06 08:01:12,7.966,-37.065,4.722,121.08427340655574,us700012,2020-09-06 13:19:03,7.836,-37.03,4.722,114.6050705925412,0.0,6.479202814014542
us700010,2020-09-06 08:01:12,7.966,-37.065,4.722,121.08427340655574,us700013,2020-09-06 23:19:08,7.79,-37.038,4.722,114.93427461220604,0.0,6.149998794349699
us700010,2020-09-06 08:01:12,7.966,-37.065,4.722,121.08427340655574,us700014,2020-09-08 19:36:02,7.782,-36.981,4.641,108.59511254260468,0.0810000000000004,12.489160863951057
us700010,2020-09-06 08:01:12,7.966,-37.065,4.722,121.08427340655574,us700015,2020-09-07 06:07:13,7.746,-37.03,4.641,113.7397090910526,0.0810000000000004,7.344564315503135
us700010,2020-09-06 08:01:12,7.966,-37.065,4.722,121.08427340655574,us700016,2020-09-07 07:44:33,7.744,-37.02,4.641,112.6281518240566,0.0810000000000004,8.456121582499136
us700010,2020-09-06 08:01:12,7.966,-37.065,4.722,121.08427340655574,us700017,2020-09-07 11:19:59,7.749,-36.925,4.641,102.18609723753131,0.0810000000000004,18.898176169024424
us700010,2020-09-06 08:01:12,7.966,-37.065,4.722,121.08427340655574,us700018,2020-09-07 21:15:10,7.825,-36.976,4.641,108.54270385049983,0.0810000000000004,12.541569556055904
us700010,2020-09-06 08:01:12,7.966,-37.065,4.722,121.08427340655574,us700019,2020-09-06 07:07:55,7.708,-37.096,4.641,120.91539222166028,0.0810000000000004,0.16888118489545434
us700010,2020-09-06 08:01:12,7.966,-37.065,4.722,121.08427340655574,us700020,2020-09-06 07:26:35,7.802,-36.867,4.641,96.30098119613486,0.0810000000000004,24.783292210420882
us700010,2020-09-06 08:01:12,7.966,-37.065,4.722,121.08427340655574,us700021,2020-09-06 10:16:56,7.748,-36.849,4.641,93.8087220042386,0.0810000000000004,27.275551402317134
us700010,2020-09-06 08:01:12,7.966,-37.065,4.722,121.08427340655574,us700022,2020-09-06 14:18:36,7.82,-36.988,4.641,109.78815087080235,0.0810000000000004,11.296122535753383
us700010,2020-09-06 08:01:12,7.966,-37.065,4.722,121.08427340655574,us700023,2020-09-06 19:05:48,7.824,-37.015,4.641,112.79756838944104,0.0810000000000004,8.286705017114699
us700010,2020-09-06 08:01:12,7.966,-37.065,4.722,121.08427340655574,us700024,2020-09-06 22:46:12,7.766,-37.074,4.641,118.70164187518218,0.0810000000000004,2.382631531373562
us700011,2020-09-06 12:16:52,7.951,-37.054,4.722,119.51367424076253,us700012,2020-09-06 13:19:03,7.836,-37.03,4.722,114.6050705925412,0.0,4.90860364822133
us700011,2020-09-06 12:16:52,7.951,-37.054,4.722,119.51367424076253,us700013,2020-09-06 23:19:08,7.79,-37.038,4.722,114.93427461220604,0.0,4.579399628556487
us700011,2020-09-06 12:16:52,7.951,-37.054,4.722,119.51367424076253,us700014,2020-09-08 19:36:02,7.782,-36.981,4.641,108.59511254260468,0.0810000000000004,10.918561698157845
us700011,2020-09-06 12:16:52,7.951,-37.054,4.722,119.51367424076253,us700015,2020-09-07 06:07:13,7.746,-37.03,4.641,113.7397090910526,0.0810000000000004,5.773965149709923
us700011,2020-09-06 12:16:52,7.951,-37.054,4.722,119.51367424076253,us700016,2020-09-07 07:44:33,7.744,-37.02,4.641,112.6281518240566,0.0810000000000004,6.885522416705925
us700011,2020-09-06 12:16:52,7.951,-37.054,4.722,119.51367424076253,us700017,2020-09-07 11:19:59,7.749,-36.925,4.641,102.18609723753131,0.0810000000000004,17.327577003231212
us700011,2020-09-06 12:16:52,7.951,-37.054,4.722,119.51367424076253,us700018,2020-09-07 21:15:10,7.825,-36.976,4.641,108.54270385049983,0.0810000000000004,10.970970390262693
us700011,2020-09-06 12:16:52,7.951,-37.054,4.722,119.51367424076253,us700019,2020-09-06 07:07:55,7.708,-37.096,4.641,120.91539222166028,0.0810000000000004,1.4017179808977573
us700011,2020-09-06 12:16:52,7.951,-37.054,4.722,119.51367424076253,us700020,2020-09-06 07:26:35,7.802,-36.867,4.641,96.30098119613486,0.0810000000000004,23.21269304462767
us700011,2020-09-06 12:16:52,7.951,-37.054,4.722,119.51367424076253,us700021,2020-09-06 10:16:56,7.748,-36.849,4.641,93.8087220042386,0.0810000000000004,25.704952236523923
us700011,2020-09-06 12:16:52,7.951,-37.054,4.722,119.51367424076253,us700022,2020-09-06 14:18:36,7.82,-36.988,4.641,109.78815087080235,0.0810000000000004,9.725523369960172
us700011,2020-09-06 12:16:52,7.951,-37.054,4.722,119.51367424076253,us700023,2020-09-06 19:05:48,7.824,-37.015,4.641,112.79756838944104,0.0810000000000004,6.716105851321487
us700011,2020-09-06 12:16:52,7.951,-37.054,4.722,119.51367424076253,us700024,2020-09-06 22:46:12,7.766,-37.074,4.641,118.70164187518218,0.0810000000000004,0.8120323655803503
us700012,2020-09-06 13:19:03,7.836,-37.03,4.722,114.6050705925412,us700013,2020-09-06 23:19:08,7.79,-37.038,4.722,114.93427461220604,0.0,0.3292040196648429
us700012,2020-09-06 13:19:03,7.836,-37.03,4.722,114.6050705925412,us700014,2020-09-08 19:36:02,7.782,-36.981,4.641,108.59511254260468,0.0810000000000004,6.009958049936515
us700012,2020-09-06 13:19:03,7.836,-37.03,4.722,114.6050705925412,us700015,2020-09-07 06:07:13,7.746,-37.03,4.641,113.7397090910526,0.0810000000000004,0.8653615014885929
us700012,2020-09-06 13:19:03,7.836,-37.03,4.722,114.6050705925412,us700016,2020-09-07 07:44:33,7.744,-37.02,4.641,112.6281518240566,0.0810000000000004,1.9769187684845946
us700012,2020-09-06 13:19:03,7.836,-37.03,4.722,114.6050705925412,us700017,2020-09-07 11:19:59,7.749,-36.925,4.641,102.18609723753131,0.0810000000000004,12.418973355009882
us700012,2020-09-06 13:19:03,7.836,-37.03,4.722,114.6050705925412,us700018,2020-09-07 21:15:10,7.825,-36.976,4.641,108.54270385049983,0.0810000000000004,6.0623667420413625
us700012,2020-09-06 13:19:03,7.836,-37.03,4.722,114.6050705925412,us700019,2020-09-06 07:07:55,7.708,-37.096,4.641,120.91539222166028,0.0810000000000004,6.310321629119088
us700012,2020-09-06 13:19:03,7.836,-37.03,4.722,114.6050705925412,us700020,2020-09-06 07:26:35,7.802,-36.867,4.641,96.30098119613486,0.0810000000000004,18.30408939640634
us700012,2020-09-06 13:19:03,7.836,-37.03,4.722,114.6050705925412,us700021,2020-09-06 10:16:56,7.748,-36.849,4.641,93.8087220042386,0.0810000000000004,20.796348588302592
us700012,2020-09-06 13:19:03,7.836,-37.03,4.722,114.6050705925412,us700022,2020-09-06 14:18:36,7.82,-36.988,4.641,109.78815087080235,0.0810000000000004,4.8169197217388415
us700012,2020-09-06 13:19:03,7.836,-37.03,4.722,114.6050705925412,us700023,2020-09-06 19:05:48,7.824,-37.015,4.641,112.79756838944104,0.0810000000000004,1.8075022031001566
us700012,2020-09-06 13:19:03,7.836,-37.03,4.722,114.6050705925412,us700024,2020-09-06 22:46:12,7.766,-37.074,4.641,118.70164187518218,0.0810000000000004,4.09657128264098
us700013,2020-09-06 23:19:08,7.79,-37.038,4.722,114.93427461220604,us700014,2020-09-08 19:36:02,7.782,-36.981,4.641,108.59511254260468,0.0810000000000004,6.3391620696013575
us700013,2020-09-06 23:19:08,7.79,-37.038,4.722,114.93427461220604,us700015,2020-09-07 06:07:13,7.746,-37.03,4.641,113.7397090910526,0.0810000000000004,1.1945655211534358
us700013,2020-09-06 23:19:08,7.79,-37.038,4.722,114.93427461220604,us700016,2020-09-07 07:44:33,7.744,-37.02,4.641,112.6281518240566,0.0810000000000004,2.3061227881494375
us700013,2020-09-06 23:19:08,7.79,-37.038,4.722,114.93427461220604,us700017,2020-09-07 11:19:59,7.749,-36.925,4.641,102.18609723753131,0.0810000000000004,12.748177374674725
us700013,2020-09-06 23:19:08,7.79,-37.038,4.722,114.93427461220604,us700018,2020-09-07 21:15:10,7.825,-36.976,4.641,108.54270385049983,0.0810000000000004,6.391570761706205
us700013,2020-09-06 23:19:08,7.79,-37.038,4.722,114.93427461220604,us700019,2020-09-06 07:07:55,7.708,-37.096,4.641,120.91539222166028,0.0810000000000004,5.981117609454245
us700013,2020-09-06 23:19:08,7.79,-37.038,4.722,114.93427461220604,us700020,2020-09-06 07:26:35,7.802,-36.867,4.641,96.30098119613486,0.0810000000000004,18.633293416071183
us700013,2020-09-06 23:19:08,7.79,-37.038,4.722,114.93427461220604,us700021,2020-09-06 10:16:56,7.748,-36.849,4.641,93.8087220042386,0.0810000000000004,21.125552607967435
us700013,2020-09-06 23:19:08,7.79,-37.038,4.722,114.93427461220604,us700022,2020-09-06 14:18:36,7.82,-36.988,4.641,109.78815087080235,0.0810000000000004,5.1461237414036844
us700013,2020-09-06 23:19:08,7.79,-37.038,4.722,114.93427461220604,us700023,2020-09-06 19:05:48,7.824,-37.015,4.641,112.79756838944104,0.0810000000000004,2.1367062227649996
us700013,2020-09-06 23:19:08,7.79,-37.038,4.722,114.93427461220604,us700024,2020-09-06 22:46:12,7.766,-37.074,4.641,118.70164187518218,0.0810000000000004,3.767367262976137
us700014,2020-09-08 19:36:02,7.782,-36.981,4.641,108.59511254260468,us700015,2020-09-07 06:07:13,7.746,-37.03,4.641,113.7397090910526,0.0,5.144596548447922
us700014,2020-09-08 19:36:02,7.782,-36.981,4.641,108.59511254260468,us700016,2020-09-07 07:44:33,7.744,-37.02,4.641,112.6281518240566,0.0,4.03303928145192
us700014,2020-09-08 19:36:02,7.782,-36.981,4.641,108.59511254260468,us700017,2020-09-07 11:19:59,7.749,-36.925,4.641,102.18609723753131,0.0,6.409015305073368
us700014,2020-09-08 19:36:02,7.782,-36.981,4.641,108.59511254260468,us700018,2020-09-07 21:15:10,7.825,-36.976,4.641,108.54270385049983,0.0,0.05240869210484789
us700014,2020-09-08 19:36:02,7.782,-36.981,4.641,108.59511254260468,us700019,2020-09-06 07:07:55,7.708,-37.096,4.641,120.91539222166028,0.0,12.320279679055602
us700014,2020-09-08 19:36:02,7.782,-36.981,4.641,108.59511254260468,us700020,2020-09-06 07:26:35,7.802,-36.867,4.641,96.30098119613486,0.0,12.294131346469825
us700014,2020-09-08 19:36:02,7.782,-36.981,4.641,108.59511254260468,us700021,2020-09-06 10:16:56,7.748,-36.849,4.641,93.8087220042386,0.0,14.786390538366078
us700014,2020-09-08 19:36:02,7.782,-36.981,4.641,108.59511254260468,us700022,2020-09-06 14:18:36,7.82,-36.988,4.641,109.78815087080235,0.0,1.193038328197673
us700014,2020-09-08 19:36:02,7.782,-36.981,4.641,108.59511254260468,us700023,2020-09-06 19:05:48,7.824,-37.015,4.641,112.79756838944104,0.0,4.202455846836358
us700014,2020-09-08 19:36:02,7.782,-36.981,4.641,108.59511254260468,us700024,2020-09-06 22:46:12,7.766,-37.074,4.641,118.70164187518218,0.0,10.106529332577495
us700015,2020-09-07 06:07:13,7.746,-37.03,4.641,113.7397090910526,us700016,2020-09-07 07:44:33,7.744,-37.02,4.641,112.6281518240566,0.0,1.1115572669960017
us700015,2020-09-07 06:07:13,7.746,-37.03,4.641,113.7397090910526,us700017,2020-09-07 11:19:59,7.749,-36.925,4.641,102.18609723753131,0.0,11.55361185352129
us700015,2020-09-07 06:07:13,7.746,-37.03,4.641,113.7397090910526,us700018,2020-09-07 21:15:10,7.825,-36.976,4.641,108.54270385049983,0.0,5.19700524055277
us700015,2020-09-07 06:07:13,7.746,-37.03,4.641,113.7397090910526,us700019,2020-09-06 07:07:55,7.708,-37.096,4.641,120.91539222166028,0.0,7.1756831306076805
us700015,2020-09-07 06:07:13,7.746,-37.03,4.641,113.7397090910526,us700020,2020-09-06 07:26:35,7.802,-36.867,4.641,96.30098119613486,0.0,17.438727894917747
us700015,2020-09-07 06:07:13,7.746,-37.03,4.641,113.7397090910526,us700021,2020-09-06 10:16:56,7.748,-36.849,4.641,93.8087220042386,0.0,19.930987086814
us700015,2020-09-07 06:07:13,7.746,-37.03,4.641,113.7397090910526,us700022,2020-09-06 14:18:36,7.82,-36.988,4.641,109.78815087080235,0.0,3.9515582202502486
us700015,2020-09-07 06:07:13,7.746,-37.03,4.641,113.7397090910526,us700023,2020-09-06 19:05:48,7.824,-37.015,4.641,112.79756838944104,0.0,0.9421407016115637
us700015,2020-09-07 06:07:13,7.746,-37.03,4.641,113.7397090910526,us700024,2020-09-06 22:46:12,7.766,-37.074,4.641,118.70164187518218,0.0,4.961932784129573
us700016,2020-09-07 07:44:33,7.744,-37.02,4.641,112.6281518240566,us700017,2020-09-07 11:19:59,7.749,-36.925,4.641,102.18609723753131,0.0,10.442054586525288
us700016,2020-09-07 07:44:33,7.744,-37.02,4.641,112.6281518240566,us700018,2020-09-07 21:15:10,7.825,-36.976,4.641,108.54270385049983,0.0,4.085447973556768
us700016,2020-09-07 07:44:33,7.744,-37.02,4.641,112.6281518240566,us700019,2020-09-06 07:07:55,7.708,-37.096,4.641,120.91539222166028,0.0,8.287240397603682
us700016,2020-09-07 07:44:33,7.744,-37.02,4.641,112.6281518240566,us700020,2020-09-06 07:26:35,7.802,-36.867,4.641,96.30098119613486,0.0,16.327170627921745
us700016,2020-09-07 07:44:33,7.744,-37.02,4.641,112.6281518240566,us700021,2020-09-06 10:16:56,7.748,-36.849,4.641,93.8087220042386,0.0,18.819429819817998
us700016,2020-09-07 07:44:33,7.744,-37.02,4.641,112.6281518240566,us700022,2020-09-06 14:18:36,7.82,-36.988,4.641,109.78815087080235,0.0,2.840000953254247
us700016,2020-09-07 07:44:33,7.744,-37.02,4.641,112.6281518240566,us700023,2020-09-06 19:05:48,7.824,-37.015,4.641,112.79756838944104,0.0,0.16941656538443794
us700016,2020-09-07 07:44:33,7.744,-37.02,4.641,112.6281518240566,us700024,2020-09-06 22:46:12,7.766,-37.074,4.641,118.70164187518218,0.0,6.0734900511255745
us700017,2020-09-07 11:19:59,7.749,-36.925,4.641,102.18609723753131,us700018,2020-09-07 21:15:10,7.825,-36.976,4.641,108.54270385049983,0.0,6.35660661296852
us700017,2020-09-07 11:19:59,7.749,-36.925,4.641,102.18609723753131,us700019,2020-09-06 07:07:55,7.708,-37.096,4.641,120.91539222166028,0.0,18.72929498412897
us700017,2020-09-07 11:19:59,7.749,-36.925,4.641,102.18609723753131,us700020,2020-09-06 07:26:35,7.802,-36.867,4.641,96.30098119613486,0.0,5.885116041396458
us700017,2020-09-07 11:19:59,7.749,-36.925,4.641,102.18609723753131,us700021,2020-09-06 10:16:56,7.748,-36.849,4.641,93.8087220042386,0.0,8.37737523329271
us700017,2020-09-07 11:19:59,7.749,-36.925,4.641,102.18609723753131,us700022,2020-09-06 14:18:36,7.82,-36.988,4.641,109.78815087080235,0.0,7.602053633271041
us700017,2020-09-07 11:19:59,7.749,-36.925,4.641,102.18609723753131,us700023,2020-09-06 19:05:48,7.824,-37.015,4.641,112.79756838944104,0.0,10.611471151909726
us700017,2020-09-07 11:19:59,7.749,-36.925,4.641,102.18609723753131,us700024,2020-09-06 22:46:12,7.766,-37.074,4.641,118.70164187518218,0.0,16.515544637650862
us700018,2020-09-07 21:15:10,7.825,-36.976,4.641,108.54270385049983,us700019,2020-09-06 07:07:55,7.708,-37.096,4.641,120.91539222166028,0.0,12.37268837116045
us700018,2020-09-07 21:15:10,7.825,-36.976,4.641,108.54270385049983,us700020,2020-09-06 07:26:35,7.802,-36.867,4.641,96.30098119613486,0.0,12.241722654364978
us700018,2020-09-07 21:15:10,7.825,-36.976,4.641,108.54270385049983,us700021,2020-09-06 10:16:56,7.748,-36.849,4.641,93.8087220042386,0.0,14.73398184626123
us700018,2020-09-07 21:15:10,7.825,-36.976,4.641,108.54270385049983,us700022,2020-09-06 14:18:36,7.82,-36.988,4.641,109.78815087080235,0.0,1.245447020302521
us700018,2020-09-07 21:15:10,7.825,-36.976,4.641,108.54270385049983,us700023,2020-09-06 19:05:48,7.824,-37.015,4.641,112.79756838944104,0.0,4.254864538941206
us700018,2020-09-07 21:15:10,7.825,-36.976,4.641,108.54270385049983,us700024,2020-09-06 22:46:12,7.766,-37.074,4.641,118.70164187518218,0.0,10.158938024682342
us700019,2020-09-06 07:07:55,7.708,-37.096,4.641,120.91539222166028,us700020,2020-09-06 07:26:35,7.802,-36.867,4.641,96.30098119613486,0.0,24.614411025525428
us700019,2020-09-06 07:07:55,7.708,-37.096,4.641,120.91539222166028,us700021,2020-09-06 10:16:56,7.748,-36.849,4.641,93.8087220042386,0.0,27.10667021742168
us700019,2020-09-06 07:07:55,7.708,-37.096,4.641,120.91539222166028,us700022,2020-09-06 14:18:36,7.82,-36.988,4.641,109.78815087080235,0.0,11.127241350857929
us700019,2020-09-06 07:07:55,7.708,-37.096,4.641,120.91539222166028,us700023,2020-09-06 19:05:48,7.824,-37.015,4.641,112.79756838944104,0.0,8.117823832219244
us700019,2020-09-06 07:07:55,7.708,-37.096,4.641,120.91539222166028,us700024,2020-09-06 22:46:12,7.766,-37.074,4.641,118.70164187518218,0.0,2.2137503464781076
us700020,2020-09-06 07:26:35,7.802,-36.867,4.641,96.30098119613486,us700021,2020-09-06 10:16:56,7.748,-36.849,4.641,93.8087220042386,0.0,2.4922591918962524
us700020,2020-09-06 07:26:35,7.802,-36.867,4.641,96.30098119613486,us700022,2020-09-06 14:18:36,7.82,-36.988,4.641,109.78815087080235,0.0,13.487169674667498
us700020,2020-09-06 07:26:35,7.802,-36.867,4.641,96.30098119613486,us700023,2020-09-06 19:05:48,7.824,-37.015,4.641,112.79756838944104,0.0,16.496587193306183
us700020,2020-09-06 07:26:35,7.802,-36.867,4.641,96.30098119613486,us700024,2020-09-06 22:46:12,7.766,-37.074,4.641,118.70164187518218,0.0,22.40066067904732
us700021,2020-09-06 10:16:56,7.748,-36.849,4.641,93.8087220042386,us700022,2020-09-06 14:18:36,7.82,-36.988,4.641,109.78815087080235,0.0,15.979428866563751
us700021,2020-09-06 10:16:56,7.748,-36.849,4.641,93.8087220042386,us700023,2020-09-06 19:05:48,7.824,-37.015,4.641,112.79756838944104,0.0,18.988846385202436
us700021,2020-09-06 10:16:56,7.748,-36.849,4.641,93.8087220042386,us700024,2020-09-06 22:46:12,7.766,-37.074,4.641,118.70164187518218,0.0,24.892919870943572
us700022,2020-09-06 14:18:36,7.82,-36.988,4.641,109.78815087080235,us700023,2020-09-06 19:05:48,7.824,-37.015,4.641,112.79756838944104,0.0,3.009417518638685
us700022,2020-09-06 14:18:36,7.82,-36.988,4.641,109.78815087080235,us700024,2020-09-06 22:46:12,7.766,-37.074,4.641,118.70164187518218,0.0,8.913491004379821
us700023,2020-09-06 19:05:48,7.824,-37.015,4.641,112.79756838944104,us700024,2020-09-06 22:46:12,7.766,-37.074,4.641,118.70164187518218,0.0,5.9040734857411366
